Product,Name,Rating,CommentHead,Comment
iphone16promax,SHUBHANKAR KARMAKAR,5,Best in the market!,This is a mini supercomputer. Speed just wow !!!
iphone16promax,Amrit Pratyush Pattanaik,5,Great product,The best.
iphone16promax,Adarsh A,5,Classy product,Excellent üëç
iphone16promax,Jintu N,5,Great product,Best..!!
iphone16promax,Saima Ahmed,5,Wonderful,I didn't need a new phone... until l saw it
iphone16promax,SHIV PRATAP SINGH,5,Just wow!,I was a bit confused between desert titanium and natural titanium but when i used the natural titanium in proper daylight it was way ahead of desert titanium loved this colour
iphone16promax,Kanav Gandotra,5,Super!,Great display and battery life. Go for it.
iphone16promax,Flipkart Customer,5,Great product,White is nice colour good phone overall. I upgraded from iphone 8 plus so yeah it was a big change
iphone16promax,Yeakub Ali,5,Simply awesome,Wow
iphone16promax,Balu vyavahare,5,Simply awesome,"Excellent product,"
iphone16promax,No Name,No Rating,No Comment Heading,"Excellent product,"
